           2 ;  0.000000000000000000000000000000000E+0000 
           3 ;  7.450580596923828125000000012037062E-0009 
           4 ;  4.814824860968089632639944856462318E-0035 
           5 ;  7.450580596923828124999999975925876E-0009 
           6 ;  1.064368656703404017857142858862438E-0008 
           7 ;  2.048909664154052734375000007222237E-0008 
           8 ;  2.139922160430262058951086602872141E-0035 
           9 ;  8.195638656616210937500000028888949E-0009 
          10 ;  9.618022225119850852272727227424147E-0009 
          11 ;  1.422383568503639914772727277897738E-0008 
          12 ;  1.203555327195387620192307699066966E-0008 
          13 ;  1.649771417890276227678571436223561E-0008 
          14 ;  2.135833104451497395833333359654376E-0008 
          15 ;  2.561137080192565917968749999774305E-0008 
          16 ;  2.832249918216523313317614621448422E-0035 
          17 ;  8.899304601881239149305555592335468E-0009 
          18 ;  9.476615671525921737938596408974813E-0009 
          19 ;  9.548507238689221833881578942664464E-0009 
          20 ;  1.046629179091680617559523804680325E-0008 
          21 ;  9.313225746154785156249999754608074E-0009 
          22 ;  1.501895693451048357213438769316972E-0008 
          23 ;  1.125010675278262815613677577785916E-0008 
          24 ;  1.266598701477050781250000015455588E-0008 
          25 ;  1.343396993783804086538461522092986E-0008 
          26 ;  1.786228937980456229967948733044771E-0008 
          27 ;  9.973528523924489500661375711569892E-0009 
          28 ;  2.196636693230990705818965557295741E-0008 
          29 ;  9.844186662257402792744252849924919E-0009 
          30 ;  2.583669077965521043346774152331157E-0008 
          31 ;  1.634320905131678427419354782620851E-0008 
          32 ;  3.319311078394667852804810469227810E-0034 
          33 ;  1.614956507283311051693404625797644E-0008 
          34 ;  9.601231382674529772846638598129354E-0009 
          35 ;  9.675406747394137912326388808223854E-0009 
          36 ;  9.950888049495112788569819789700054E-0009 
          37 ;  1.325710526909970626722528434049791E-0008 
          38 ;  9.768203846034411637567476434943190E-0009 
          39 ;  9.825453162193298339843750792791006E-0009 
          40 ;  1.082151401333692597179878037151511E-0008 
          41 ;  1.763131006531045273482868823052870E-0008 
          42 ;  1.129344650281228100342607954646509E-0008 
          43 ;  1.007915488257216600736654335064100E-0008 
          44 ;  1.515703971939857559974747501355461E-0008 
          45 ;  9.677656318830407184103261096830184E-0009 
          46 ;  1.152910147410206613884713315774756E-0008 
          47 ;  1.866525659958521525065104105296458E-0008 
          48 ;  1.296248971199502750318877634843807E-0008 
          49 ;  1.190040184527027363679846950840454E-0008 
          50 ;  1.370906829833984374999999901901956E-0008 
          51 ;  1.486534109482398399939903773624760E-0008 
          52 ;  1.821823753362470164527394801328705E-0008 
          53 ;  1.132425772069135302017819726255695E-0008 
          54 ;  1.020503766608960700757575745611647E-0008 
          55 ;  1.478928153391008253221388041272096E-0008 
          56 ;  2.231906380569725705866228118487349E-0008 
          57 ;  9.907063612848502249697519767882552E-0009 
          58 ;  9.957694436011434228430011653967310E-0009 
          59 ;  9.649448980719356213585805087018863E-0009 
          60 ;  2.610756725561423379866803248906662E-0008 
          61 ;  2.643754405360068044354838831441040E-0008 
          62 ;  1.623639069150425627240143252442011E-0008 
          63 ;  2.884189598262310028076171738727291E-0008 
          64 ;  7.600941785324432268142559101288302E-0034 
          65 ;  9.637777552460179184422349462882582E-0009 
          66 ;  1.585143877337389755766621506907761E-0008 
          67 ;  1.272105687903771806537738580277876E-0008 
          68 ;  9.853916857248681890385230450557266E-0009 
          69 ;  1.187156693041941640786749470141952E-0008 
          70 ;  1.000843837227619869608274613592293E-0008 
          71 ;  1.188420074086793711487675980794484E-0008 
          72 ;  1.014248557286719753317636978153680E-0008 
          73 ;  1.012214198460273502580062940534149E-0008 
          74 ;  1.298112643731606973184121598530904E-0008 
          75 ;  1.321072902595787717584978000698413E-0008 
          76 ;  1.001092194696036578039559137222469E-0008 
          77 ;  9.756557621084131322778783750927598E-0009 
          78 ;  1.078683741485016255439082465866835E-0008 
          79 ;  1.391516762632357923290397650620001E-0008 
          80 ;  1.098040813281212323977623456225422E-0008 
          81 ;  1.042655023312360470067374302256911E-0008 
          82 ;  1.856952669198044320957611008048763E-0008 
          83 ;  1.841806606253330145358218618496100E-0008 
          84 ;  1.193919018203136967677696059006859E-0008 
          85 ;  9.778887033462524414062499694052171E-0009 
          86 ;  1.000530721031704932984997322255586E-0008 
          87 ;  9.805162591993995594754114593617841E-0009 
          88 ;  1.527787594313032171699438462239281E-0008 
          89 ;  1.043046402574031986993796776488046E-0008 
          90 ;  1.227094249410943670587225242375670E-0008 
          91 ;  9.869994676631429921025813579892919E-0009 
          92 ;  1.171881584655240965313084374853779E-0008 
          93 ;  9.748205164154670626313700800574508E-0009 
          94 ;  1.945974011170236687911184384925924E-0008 
          95 ;  2.076788070170502913625616990148606E-0008 
          96 ;  1.310572489020750694668170276640540E-0008 
          97 ;  1.093828860594301807637117264016621E-0008 
          98 ;  1.250306795956154160587056598622383E-0008 
          99 ;  9.824136140370609784367108604095799E-0009 
         100 ;  1.358808857379573406559405843117394E-0008 
         101 ;  1.201326567393972951910885160098246E-0008 
         102 ;  1.696007020945960218602762420061271E-0008 
         103 ;  1.045599123539543579192727710770449E-0008 
         104 ;  1.848385338381533221010760338043143E-0008 
         105 ;  1.686045302535003086306014150108751E-0008 
         106 ;  1.134994988129517742406542092527659E-0008 
         107 ;  1.654846419013879339601721928258905E-0008 
         108 ;  1.031132000382968126168025854579543E-0008 
         109 ;  2.183163036795036309554837146233373E-0008 
         110 ;  1.580288891515021046881398602427045E-0008 
         111 ;  1.361924421373021188389840687762466E-0008 
         112 ;  2.250833585199001616081305286832138E-0008 
         113 ;  9.840411292971744427786834143063684E-0009 
         114 ;  1.012733380909097003718535469463086E-0008 
         115 ;  2.186213420338180290347990232008192E-0008 
         116 ;  9.976652407765634426001141730593624E-0009 
         117 ;  2.423806463257741119902012914172484E-0008 
         118 ;  9.826971983369675954001833799515968E-0009 
         119 ;  2.532421300808588663736979122662427E-0008 
         120 ;  2.628484787034594323024276814657371E-0008 
         121 ;  2.087842001289617819864241359786947E-0008 
         122 ;  2.725822169606278582317073448024517E-0008 
         123 ;  1.901627337247907036782061770869939E-0008 
         124 ;  1.608940862840221774193547991384685E-0008 
         125 ;  2.254551601788354298425098952744318E-0008 
         126 ;  2.885633331584179495263287085260713E-0008 
         127 ;  9.975051434021296463613434968220460E-0009 
         128 ;  1.466445422650373152018628166239296E-0033 
         129 ;  9.999860946664372298002384808457081E-0009 
         130 ;  9.826792997958305927843327341521478E-0009 
         131 ;  9.846883491388272831016962655068174E-0009 
         132 ;  1.556320868366317071086807363049347E-0008 
         133 ;  1.362677203285855993305762776506426E-0008 
         134 ;  1.336527692803761918219233855398916E-0008 
         135 ;  1.187268888054330364551419295169188E-0008 
         136 ;  9.954434740742986014903795217745514E-0009 
         137 ;  1.004531346659527674410364109205342E-0008 
         138 ;  1.185753959247683375039098966986774E-0008 
         139 ;  1.250286198930407109510494216179472E-0008 
         140 ;  1.006856892850502887636936351794424E-0008 
         141 ;  1.662593599490359188876610492213360E-0008 
         142 ;  1.213241889184887721763272085962150E-0008 
         143 ;  1.074964789892224813489461926564257E-0008 
         144 ;  1.022635006356513363191451172185885E-0008 
         145 ;  9.916803720822917666140174827614431E-0009 
         146 ;  1.022953398795799288786576306274465E-0008 
         147 ;  1.236147073113451461665747353293268E-0008 
         148 ;  1.318134812095215851223103478895148E-0008 
         149 ;  1.001157183241790839756361804340453E-0008 
         150 ;  1.336655540445256180584299043279184E-0008 
         151 ;  9.907556599692294472142269747483422E-0009 
         152 ;  1.010550669800345332588901790062583E-0008 
         153 ;  9.830291201541950176288558986264825E-0009 
         154 ;  9.861133702389605633624188307156512E-0009 
         155 ;  1.134701778787142782787136941082897E-0008 
         156 ;  1.083249988245181392536976306281509E-0008 
         157 ;  1.161288592273897003245182632801209E-0008 
         158 ;  1.425332813949666958251545275130957E-0008 
         159 ;  1.765570146435836576065927654462549E-0008 
         160 ;  1.105497249905367075286296657252525E-0008 
         161 ;  1.230379887203453197937035491358354E-0008 
         162 ;  1.034238551012053775361186882673607E-0008 
         163 ;  1.351814786732847883586092747448349E-0008 
         164 ;  1.871923958030525878545362226234087E-0008 
         165 ;  1.641351480734700832805654428956549E-0008 
         166 ;  1.861408850596448351884333479075746E-0008 
         167 ;  1.902160632294197180415954181551613E-0008 
         168 ;  1.213881487609904126134782909508386E-0008 
         169 ;  1.076748935013667158743582510063516E-0008 
         170 ;  1.167344127400125635420697865707813E-0008 
         171 ;  1.033308286172718186613882090860230E-0008 
         172 ;  9.999417308389956247006906394240651E-0009 
         173 ;  1.328565592655239925139940735008155E-0008 
         174 ;  9.942793689533603210950329211055127E-0009 
         175 ;  1.058431475290230342320033527904147E-0008 
         176 ;  1.529052769396938173110876511356860E-0008 
         177 ;  9.822429157261438901890711177870945E-0009 
         178 ;  1.049040087789444890177023097536382E-0008 
         179 ;  1.557454903864993729404897613977115E-0008 
         180 ;  1.344689156029983998223123581362622E-0008 
         181 ;  1.939166436541472025006188616673390E-0008 
         182 ;  1.249920125158815378757064928924937E-0008 
         183 ;  1.480663770552654678732631136527730E-0008 
         184 ;  1.210686515416998140400080752129620E-0008 
         185 ;  1.398694399171567039412144730175394E-0008 
         186 ;  9.863392066108331158795766898344345E-0009 
         187 ;  1.240800038303907365980158640087102E-0008 
         188 ;  1.794491795675987785603030677880396E-0008 
         189 ;  1.709254427943446117667757995600427E-0008 
         190 ;  2.092101063797972556414043351921536E-0008 
         191 ;  1.059006107239667033649863966586402E-0008 
         192 ;  1.317604295330344086483970168832737E-0008 
         193 ;  1.406868686215514957404953837280716E-0008 
         194 ;  1.405031690356783724448809271574133E-0008 
         195 ;  1.124952140511298666194994799135138E-0008 
         196 ;  1.268776257729932926707127457496974E-0008 
         197 ;  1.243697420631330062051751366867978E-0008 
         198 ;  9.883785505269627953282431964324498E-0009 
         199 ;  1.059556099113507486467984503306421E-0008 
         200 ;  1.341326912837242012593283540407062E-0008 
         201 ;  1.317761116536120100976398754894050E-0008 
         202 ;  1.164643794468238412685605434248881E-0008 
         203 ;  1.169297621798356420162690542353488E-0008 
         204 ;  1.788624824661207449943582706967069E-0008 
         205 ;  9.865447324851720558363426513874481E-0009 
         206 ;  1.044866962798747351679388750870197E-0008 
         207 ;  1.104845646706512540479168232709487E-0008 
         208 ;  1.883674460954423945837263995971202E-0008 
         209 ;  1.830256809933524002488910340474848E-0008 
         210 ;  1.871453934855451435355133384632765E-0008 
         211 ;  1.878718229522541342572151439435049E-0008 
         212 ;  1.135142713940928176418970054871605E-0008 
         213 ;  1.108581771106698211647158558178476E-0008 
         214 ;  1.665636317363590604454194866359676E-0008 
         215 ;  9.960980250032475855102012890651150E-0009 
         216 ;  1.031115083976051550632573895152257E-0008 
         217 ;  9.877618329951270551040037188525077E-0009 
         218 ;  2.173171840022273549266108533346097E-0008 
         219 ;  2.036112194031093465980031989846813E-0008 
         220 ;  1.640196587754002033266594955083690E-0008 
         221 ;  2.040309613352423315649633425854352E-0008 
         222 ;  1.355525277308472256677221014701409E-0008 
         223 ;  2.503760957292148045131139041669906E-0008 
         224 ;  2.234139376216464572482638952044345E-0008 
         225 ;  1.354921415023278580537119767846003E-0008 
         226 ;  9.950857302639796800685157610802849E-0009 
         227 ;  2.063557175084901322204792379814436E-0008 
         228 ;  1.019610213765803583826515073912796E-0008 
         229 ;  1.168589687492264862958634062748310E-0008 
         230 ;  2.243046510495552567019428481491432E-0008 
         231 ;  9.911446531133200449985538630087989E-0009 
         232 ;  1.000286204955696759711572194336469E-0008 
         233 ;  9.848562848396982740338762085672222E-0009 
         234 ;  2.491945859128116455744085311219345E-0008 
         235 ;  1.651527453449027786777631947597104E-0008 
         236 ;  9.892646524089946090718975962889329E-0009 
         237 ;  2.438610191316134252603334835626317E-0008 
         238 ;  2.585201949925870483952112556013148E-0008 
         239 ;  1.427385796282331315044578069561492E-0008 
         240 ;  2.638425260658580732543439718571805E-0008 
         241 ;  2.610589539216569632538092790107866E-0008 
         242 ;  2.106207081810437112188143413583697E-0008 
         243 ;  1.606893496553818883421706221506448E-0008 
         244 ;  2.739989027685048628826530093792049E-0008 
         245 ;  2.181791177046364252100898717204983E-0008 
         246 ;  1.904323374847204178804186635744344E-0008 
         247 ;  1.436805595099279895158229252211293E-0008 
         248 ;  1.605364120845149752234744701112180E-0008 
         249 ;  1.865936570378192457329317179549197E-0008 
         250 ;  2.302064660535865570919445844938087E-0008 
         251 ;  1.665249288794528915587649435492809E-0008 
         252 ;  2.891701377427625090708373440277750E-0008 
         253 ;  1.982771297755322571076218519119534E-0008 
         254 ;  9.994383890429672422610776695811690E-0009 
         255 ;  2.956767275463789701461790735248141E-0008 
         256 ;  8.637382465660429421666099520807034E-0033 
         257 ;  9.857399692369061847065748749364341E-0009 
         258 ;  1.000591276477723408364760088171423E-0008 
         259 ;  1.227738388836436927371681310038950E-0008 
         260 ;  9.893415281107177644432244538005696E-0009 
         261 ;  1.328693750920723447648783751089818E-0008 
         262 ;  9.936150607272329079382714213450841E-0009 
         263 ;  1.028456734515909418448254816418505E-0008 
         264 ;  1.543790971026412414236706587512066E-0008 
         265 ;  1.188012991818760722930557200959605E-0008 
         266 ;  1.376730592281506661846967439388554E-0008 
         267 ;  1.054218212696830105092514618454029E-0008 
         268 ;  1.338430630365698820265575807089982E-0008 
         269 ;  1.082758023118276857367957838400452E-0008 
         270 ;  1.193652100310195937449282963337870E-0008 
         271 ;  1.092742387037978970308429592019356E-0008 
         272 ;  9.998071925107376042739814260718648E-0009 
         273 ;  9.866410961551387814709750708408872E-0009 
         274 ;  1.010175994594285404278730472190718E-0008 
         275 ;  1.010773040854883759389281577909800E-0008 
         276 ;  1.185668704211976959399361557141198E-0008 
         277 ;  1.017423592150045692668352564768104E-0008 
         278 ;  1.312405118244544733259511214677868E-0008 
         279 ;  9.926286832650258366535458044379074E-0009 
         280 ;  1.010167766144630808362393674752384E-0008 
         281 ;  1.034171240742872528009160989674876E-0008 
         282 ;  1.675965188305601961220803350026814E-0008 
         283 ;  1.027119701796545536445835136357960E-0008 
         284 ;  1.211920608141583102645478583286114E-0008 
         285 ;  1.266454449882098991086097842308684E-0008 
         286 ;  1.073391191623779112465278055016275E-0008 
         287 ;  1.032644861795662956739920847758187E-0008 
         288 ;  1.026522647482026132057832735755764E-0008 
         289 ;  1.656215405897285699019382472995870E-0008 
         290 ;  9.984387183502989225526574187239266E-0009 
         291 ;  1.136198306149055474851504601596490E-0008 
         292 ;  1.026854003326795541352301751716980E-0008 
         293 ;  1.630262911741120939659294469370572E-0008 
         294 ;  1.248446877654497975037471896696971E-0008 
         295 ;  1.075369603692993787904425206631704E-0008 
         296 ;  1.356326957554539055546136458719723E-0008 
         297 ;  1.319321296911973634084150607150714E-0008 
         298 ;  1.004763707317558566514272417803512E-0008 
         299 ;  1.030736587268851672526585844807570E-0008 
         300 ;  1.342810385118951301110015331814651E-0008 
         301 ;  1.351945826765785453128136499918037E-0008 
         302 ;  9.912031984844069776567759242968024E-0009 
         303 ;  1.607593576834239913333471252805262E-0008 
         304 ;  1.017680846482541048907328716610781E-0008 
         305 ;  9.950113477883685839644942742423780E-0009 
         306 ;  1.068467660589663394758160282336023E-0008 
         307 ;  1.746287692797290395826014769775139E-0008 
         308 ;  9.903488075182556439652516286781263E-0009 
         309 ;  1.646499607919315067732903699486523E-0008 
         310 ;  1.149754474740740100744663270032323E-0008 
         311 ;  1.177692294282958025747144023672850E-0008 
         312 ;  1.094433725212250605861551421958249E-0008 
         313 ;  1.229089566807915630174841190207376E-0008 
         314 ;  1.146113374768126879865534188954042E-0008 
         315 ;  9.916669724485542200788651361605230E-0009 
         316 ;  1.412314071894901103354184244560359E-0008 
         317 ;  1.275174258324824786670123901428167E-0008 
         318 ;  1.773336710821945080022250192186707E-0008 
         319 ;  1.373694639223799996988900292680534E-0008 
         320 ;  1.109100738975489250967435436271949E-0008 
         321 ;  1.649488494486676006848956011344572E-0008 
         322 ;  1.224342735699043180764511274443422E-0008 
         323 ;  1.503908151320505683513125896338183E-0008 
         324 ;  1.032347636118686889764363755186851E-0008 
         325 ;  9.885670484490639874258937328763157E-0009 
         326 ;  1.340840841517864688270608248270376E-0008 
         327 ;  1.685833355253922856608929449044886E-0008 
         328 ;  1.887604235206455250791734014567209E-0008 
         329 ;  1.081259761812323044707259531737402E-0008 
         330 ;  1.665932564336847802783548222419590E-0008 
         331 ;  9.864559693044549241296995020255269E-0009 
         332 ;  1.876372882394180952059927973985188E-0008 
         333 ;  1.354483089956175976365821957565010E-0008 
         334 ;  1.886716870437391599729645630816767E-0008 
         335 ;  1.045433998335610913654210571326610E-0008 
         336 ;  1.213137469411957511562268166906528E-0008 
         337 ;  1.014358404485293502851823751939376E-0008 
         338 ;  1.097710876660768881418574453015487E-0008 
         339 ;  1.001035212518935937466108993131922E-0008 
         340 ;  1.227118303668032190975330288337192E-0008 
         341 ;  9.902731166534644947240739086270098E-0009 
         342 ;  1.031004719755898460476765867682688E-0008 
         343 ;  1.831125438400762138855530616542080E-0008 
         344 ;  1.000438825948333997376084947228835E-0008 
         345 ;  1.776065581283987172636403741900840E-0008 
         346 ;  1.325301298647396639665860152767309E-0008 
         347 ;  1.537891750440592321808883938703639E-0008 
         348 ;  9.987815786121791677151775954504535E-0009 
         349 ;  1.839627605198447547191195032487290E-0008 
         350 ;  1.061157735445948698969938877552412E-0008 
         351 ;  1.011117649373420622953322726032115E-0008 
         352 ;  1.542282655562686453521360718383646E-0008 
         353 ;  1.108132036128050004838189637027104E-0008 
         354 ;  9.917492318041447742444249087505218E-0009 
         355 ;  1.762709808070875832807755878106473E-0008 
         356 ;  1.052770725764840474544584351511822E-0008 
         357 ;  9.895302355289459228515615445451628E-0009 
         358 ;  1.551913830924031521540482292440588E-0008 
         359 ;  1.176812799018497844850710747777507E-0008 
         360 ;  1.367755697466256472469294225805957E-0008 
         361 ;  1.512909940436250500379737933436193E-0008 
         362 ;  1.947054629507992758684945573238743E-0008 
         363 ;  1.127968363219608393149375315878039E-0008 
         364 ;  1.371379150435200624754498468231241E-0008 
         365 ;  1.512396682168973563932642971127034E-0008 
         366 ;  1.480269498917975584545234815714778E-0008 
         367 ;  1.125575903087709628212381951067282E-0008 
         368 ;  1.214381759033560457900456957863415E-0008 
         369 ;  1.264706792621344321378112615621592E-0008 
         370 ;  1.386044366627013230867427338082769E-0008 
         371 ;  1.306818250020500528941283091322051E-0008 
         372 ;  9.905642105831382782475960059566927E-0009 
         373 ;  1.630809571094043697398690218625032E-0008 
         374 ;  1.249996922020393684373607703168484E-0008 
         375 ;  1.077064980112069042016427633197460E-0008 
         376 ;  1.680825953273271571110442256927436E-0008 
         377 ;  1.183322951066499509077001355654045E-0008 
         378 ;  1.650015524231642474263578971345857E-0008 
         379 ;  2.042603416585902375755100500702179E-0008 
         380 ;  2.100681112869485074404377932899576E-0008 
         381 ;  1.003894860163492593632765567535280E-0008 
         382 ;  1.061089382602428882499746581074901E-0008 
         383 ;  1.150610375143522745220426264990501E-0008 
         384 ;  1.321087119641242089209619545956060E-0008 
         385 ;  1.232358762699488747706282459098814E-0008 
         386 ;  1.403374227823934496192020041160943E-0008 
         387 ;  1.478440629244374683946859892691959E-0008 
         388 ;  1.555769387489946964002985624321005E-0008 
         389 ;  9.973351496504021181238954988401827E-0009 
         390 ;  1.421751032693166093002639383086634E-0008 
         391 ;  1.034341688412307504510274909499385E-0008 
         392 ;  1.276281177254736395635454488283640E-0008 
         393 ;  9.963398875349603077628119301509733E-0009 
         394 ;  1.252333542103097316715224538956978E-0008 
         395 ;  1.018024973162618870473612006797278E-0008 
         396 ;  9.911258626787352464285388606906439E-0009 
         397 ;  1.949901013873072287258435634197332E-0008 
         398 ;  1.066452083515611349897518461841187E-0008 
         399 ;  1.012969541510469035098426565562302E-0008 
         400 ;  1.337407087150060030587592379118809E-0008 
         401 ;  1.743641857358371396080788111542899E-0008 
         402 ;  1.330107029956922032763253081051371E-0008 
         403 ;  1.038774434342825526678981257674445E-0008 
         404 ;  1.155094424249665134767056611027742E-0008 
         405 ;  2.239930760590023696621952124529261E-0008 
         406 ;  1.172528763905489875133303350853738E-0008 
         407 ;  1.217059038160218492766970340470730E-0008 
         408 ;  1.801276934276040216792754855776547E-0008 
         409 ;  2.209418963951276562722755767236836E-0008 
         410 ;  9.907468243470411825290413386077215E-0009 
         411 ;  1.030675309198244484266208181201127E-0008 
         412 ;  1.042724859311249475894546114298897E-0008 
         413 ;  2.104417839343997015469316972213971E-0008 
         414 ;  1.106783454957715249798445479390395E-0008 
         415 ;  1.239300845967704107410050758009498E-0008 
         416 ;  1.890420758389960441877870110439773E-0008 
         417 ;  1.307367319664227406203027599376114E-0008 
         418 ;  1.854418135029244491793732028455732E-0008 
         419 ;  1.894310937059956635246362671021753E-0008 
         420 ;  1.916988100614257560516831607685916E-0008 
         421 ;  2.164423213143249441119949601595271E-0008 
         422 ;  1.874407071027496838122739203859719E-0008 
         423 ;  9.888072807503494199057471563590126E-0009 
         424 ;  1.137044599132982395862236048033149E-0008 
         425 ;  2.021572993205614887986582338254719E-0008 
         426 ;  1.119131511560502284929801472033478E-0008 
         427 ;  2.081062934457630877261138258420792E-0008 
         428 ;  1.661788838659135707829213902692272E-0008 
         429 ;  1.308367234069738710140505046396940E-0008 
         430 ;  1.000119739540292345389811419622113E-0008 
         431 ;  1.716706208518813583893271361540849E-0008 
         432 ;  1.029752321702544228900703495106619E-0008 
         433 ;  1.018075226351043565247326735347611E-0008 
         434 ;  9.910902094743761876622172597588234E-0009 
         435 ;  1.003098150955452818942449468400757E-0008 
         436 ;  2.167324671415849893530024054750906E-0008 
         437 ;  2.294686940131553102309153116951394E-0008 
         438 ;  2.048924921256173779284685356444745E-0008 
         439 ;  2.111820344959549045779982007311710E-0008 
         440 ;  1.661926991753763966746144328607695E-0008 
         441 ;  1.113065859152603102445155164734978E-0008 
         442 ;  2.171340822024692324098353118087607E-0008 
         443 ;  1.354729359168308929796489322753230E-0008 
         444 ;  1.371848805253111600562113473911121E-0008 
         445 ;  1.066705728079345644694610293744187E-0008 
         446 ;  2.520821438539748223835990156563620E-0008 
         447 ;  1.008484000474043111901726910671699E-0008 
         448 ;  2.245700820649918044330286161365187E-0008 
         449 ;  1.553627548278838329697503178513617E-0008 
         450 ;  1.363054259300936792659832023213148E-0008 
         451 ;  1.037369753211555980970330654644907E-0008 
         452 ;  9.987306142128597479286320649513771E-0009 
         453 ;  9.899383587944846222769336915497216E-0009 
         454 ;  2.066997799746623290625604250381312E-0008 
         455 ;  2.235123119725469957318220023448160E-0008 
         456 ;  1.022456255090539160422425211132874E-0008 
         457 ;  1.084439541681104921405441528772234E-0008 
         458 ;  1.156138568662090758612472797301470E-0008 
         459 ;  1.369974558910626155516861814959736E-0008 
         460 ;  2.265795042922246526976998238430040E-0008 
         461 ;  1.097238813774821095365819643182137E-0008 
         462 ;  9.922578369516840971107051544962703E-0009 
         463 ;  1.465860362391281600256658170132245E-0008 
         464 ;  1.000695228908165410840603846335851E-0008 
         465 ;  1.267062772523218607604350289848238E-0008 
         466 ;  9.916692578054491327709284280146193E-0009 
         467 ;  1.073549588783133044991901792920109E-0008 
         468 ;  2.470361006216903543871154778473477E-0008 
         469 ;  1.354385772384089685495528337263243E-0008 
         470 ;  1.655636335844139950048279978765160E-0008 
         471 ;  2.553346629192083221422367045086449E-0008 
         472 ;  9.926034131399361001478544053496834E-0009 
         473 ;  1.104967511218053178154885467510086E-0008 
         474 ;  2.452445551736498313190511082699485E-0008 
         475 ;  2.282097019594572962305812392700970E-0008 
         476 ;  2.574098367490310269753907602020651E-0008 
         477 ;  1.747847140866909152747080382706274E-0008 
         478 ;  1.428101910011774234833540392754660E-0008 
         479 ;  1.327877657010985399669629037196351E-0008 
         480 ;  2.618884888483432127383544989515968E-0008 
         481 ;  1.023808085868345058188200298482940E-0008 
         482 ;  2.656028123810525954480926021950156E-0008 
         483 ;  1.218005090050858630334124305669097E-0008 
         484 ;  2.106853290316984825527547326558429E-0008 
         485 ;  1.847117673506902033025099742276843E-0008 
         486 ;  1.632179583755709491737183300529586E-0008 
         487 ;  1.748540244590749758899113830460422E-0008 
         488 ;  2.776826817565169071127302166100025E-0008 
         489 ;  1.347681018427672934827691645774620E-0008 
         490 ;  2.175200667232739528499194795963774E-0008 
         491 ;  2.466983179153645267378873338632550E-0008 
         492 ;  1.900887752354236463692919211022478E-0008 
         493 ;  1.351786847204715680422495142283225E-0008 
         494 ;  1.435604060553716588487349655725644E-0008 
         495 ;  2.254726187380333605555299760166759E-0008 
         496 ;  1.606079592295931587508922349496217E-0008 
         497 ;  1.735813095824293262501755926418519E-0008 
         498 ;  1.881057079696590800199795909244203E-0008 
         499 ;  1.099748716116668227201474679609476E-0008 
         500 ;  2.339344375028819619062654952060464E-0008 
         501 ;  9.900451435773919880422871258343799E-0009 
         502 ;  1.624689586892271170660301571926100E-0008 
         503 ;  2.209424604343034028668390328949862E-0008 
         504 ;  2.896090471508479354405168729440428E-0008 
         505 ;  1.614357094818265714351666250441647E-0008 
         506 ;  2.000320373247755088591731081646298E-0008 
         507 ;  1.104419062827025170921567214480935E-0008 
         508 ;  1.000721903884274209045256070115139E-0008 
         509 ;  1.809798808755260746588973564377678E-0008 
         510 ;  2.956858046950659406628390779280922E-0008 
         511 ;  1.042315812960062941459758932617073E-0008 
         512 ;  6.348443735054798237147147165427201E-0032 
         513 ;  1.043254209871674261041710149824171E-0008 
         514 ;  9.905586273107452669266517540074235E-0009 
         515 ;  1.283887476348608694093048948869589E-0008 
         516 ;  1.001174909684249550529103713254537E-0008 
         517 ;  1.508423214027962867990538103956855E-0008 
         518 ;  1.220478605873893135426045535819499E-0008 
         519 ;  1.188711640351177657712417244798335E-0008 
         520 ;  9.919661397677342296438700712562348E-0009 
         521 ;  1.463747018657022509958272747868458E-0008 
         522 ;  1.351261448553156700941073908300225E-0008 
         523 ;  1.028054993703343472138281801323092E-0008 
         524 ;  9.969791234276243575223351135049288E-0009 
         525 ;  1.060443038463851539160102787899661E-0008 
         526 ;  1.031080714341685049139974640591763E-0008 
         527 ;  1.035583018276590467712601578913624E-0008 
         528 ;  1.539368396459005744472135275360885E-0008 
         529 ;  1.385020284858372240624029974824565E-0008 
         530 ;  1.158624452233708447426977952231432E-0008 
         531 ;  1.193138404760397954324243385544996E-0008 
         532 ;  1.387020514189098043729263309563144E-0008 
         533 ;  9.918152515745023240939957528202487E-0009 
         534 ;  1.054895183287234688386011713140241E-0008 
         535 ;  1.603065978414548592415128204856459E-0008 
         536 ;  1.339492573122718580111264761023427E-0008 
         537 ;  1.093776721862966191228686006844579E-0008 
         538 ;  1.072780065363190844692549747811960E-0008 
         539 ;  1.034550679482697277374466292473267E-0008 
         540 ;  1.194890943785145304453903782907510E-0008 
         541 ;  1.078980479580329543344361935021711E-0008 
         542 ;  1.088046127075863927287840037739280E-0008 
         543 ;  1.177940767784752762856171913492827E-0008 
         544 ;  1.001821381542017443142772004816388E-0008 
         545 ;  1.032102086769419619884606560430108E-0008 
         546 ;  1.002332482986218180607485084841503E-0008 
         547 ;  1.546623820508601268159037739657584E-0008 
         548 ;  1.027492715849109982524304513552772E-0008 
         549 ;  1.017993984126772267037935201525234E-0008 
         550 ;  1.018758337084874523057734312770904E-0008 
         551 ;  9.963398076857063494932928291664521E-0009 
         552 ;  1.211244111403881086694445421064469E-0008 
         553 ;  1.409014126632232908074741827692459E-0008 
         554 ;  1.018215800769488730151297739071145E-0008 
         555 ;  1.373566492500567252331998205831305E-0008 
         556 ;  1.327810849938943179355859265689498E-0008 
         557 ;  1.393080877629153224639971194786192E-0008 
         558 ;  9.926607246782203050261765464583870E-0009 
         559 ;  1.211385283994740943850199596653313E-0008 
         560 ;  1.011900238546670651903339512706079E-0008 
         561 ;  1.363436094537691089024843262813983E-0008 
         562 ;  1.036070609145948664025024148681328E-0008 
         563 ;  1.298332901103065744401493945135130E-0008 
         564 ;  1.655033806701662071619242088773807E-0008 
         565 ;  1.002467593033179030819053149900889E-0008 
         566 ;  1.029532716915079847222144108201381E-0008 
         567 ;  1.601013302326285306359763144578511E-0008 
         568 ;  1.213243662501010579866225859400901E-0008 
         569 ;  1.051880721224154508018665370409245E-0008 
         570 ;  1.279940519012730766317717400665662E-0008 
         571 ;  1.216535764607866590036731283664799E-0008 
         572 ;  1.076041912336820510865932463598888E-0008 
         573 ;  1.067328256690598070020194273138065E-0008 
         574 ;  1.032739172824637995689425923963041E-0008 
         575 ;  1.291006164915481771247976030600718E-0008 
         576 ;  1.028389145379669744799000842468886E-0008 
         577 ;  9.888280211672275586655048319784528E-0009 
         578 ;  1.646429453143732609497982932557869E-0008 
         579 ;  9.959871571711371876585583721040072E-0009 
         580 ;  1.000854767594990358698494825631806E-0008 
         581 ;  1.041287099065561414871231139392601E-0008 
         582 ;  1.128402784041894414434408459245574E-0008 
         583 ;  1.467802681213711299585660582578302E-0008 
         584 ;  1.028711808228880749724674352065578E-0008 
         585 ;  9.905036742268161968973377096751547E-0009 
         586 ;  1.636682489052858573403928288500138E-0008 
         587 ;  1.502278585477232370769046401999904E-0008 
         588 ;  1.252734974879792682671539225882868E-0008 
         589 ;  1.267402094832077557665130685369526E-0008 
         590 ;  1.081940276625883302675196748098782E-0008 
         591 ;  1.270778622169381672557438789101117E-0008 
         592 ;  1.374401698337801554313760245436276E-0008 
         593 ;  1.105371349907188881856923940976717E-0008 
         594 ;  1.341621315979651993558134409259218E-0008 
         595 ;  9.920108975880098022870605307498402E-0009 
         596 ;  1.005506276338563826244068905434340E-0008 
         597 ;  1.065066074780465310342079498117576E-0008 
         598 ;  1.029908641702817940437614982689808E-0008 
         599 ;  1.535826268345200491402636322028134E-0008 
         600 ;  1.351688939435443677177579216282913E-0008 
         601 ;  1.672973526111220493184124347983508E-0008 
         602 ;  1.358869666559067268888816178055020E-0008 
         603 ;  9.920055937731123184771029308147081E-0009 
         604 ;  9.923305493564834331658391254839277E-0009 
         605 ;  9.902649637649750106707891709302139E-0009 
         606 ;  1.614156375465298383944662805114927E-0008 
         607 ;  1.317138318164209655717727478669329E-0008 
         608 ;  1.021853068856522923836226609462893E-0008 
         609 ;  1.019286322710895869493734812251809E-0008 
         610 ;  9.933424461025761968189914414782762E-0009 
         611 ;  1.199853798658484275529533089357457E-0008 
         612 ;  1.074025647599923688093408965806154E-0008 
         613 ;  1.044974106596680115609772709646638E-0008 
         614 ;  1.771579147350427909364752299044510E-0008 
         615 ;  1.352718352424630820719719572494868E-0008 
         616 ;  9.922153669705244694359513923397061E-0009 
         617 ;  1.131432936952579217350435574930454E-0008 
         618 ;  1.656573578038243234633417727018813E-0008 
         619 ;  1.390614720151015509348413487591043E-0008 
         620 ;  1.151551143272307858975620696405397E-0008 
         621 ;  1.063765460007823294828271532262412E-0008 
         622 ;  1.181952860390656447975766910966991E-0008 
         623 ;  9.911121880863993855843883693792839E-0009 
         624 ;  1.100319413802562615810299028012521E-0008 
         625 ;  1.403488807927686185501632779305090E-0008 
         626 ;  1.224257030418833697573115440880352E-0008 
         627 ;  1.093141072307945207248934131992697E-0008 
         628 ;  1.137780378823625433372910379015852E-0008 
         629 ;  1.151635053184008554406684412778923E-0008 
         630 ;  1.096565913993469697737654364442048E-0008 
         631 ;  1.712063434419155422166999088125752E-0008 
         632 ;  1.403365554920681656631061765993792E-0008 
         633 ;  1.093942905089707279305606644104784E-0008 
         634 ;  1.255197639702542498124815846459873E-0008 
         635 ;  1.005383773561525928114012668881152E-0008 
         636 ;  1.764291598552077208002867959709254E-0008 
         637 ;  1.404842009294599931619047935367460E-0008 
         638 ;  1.368732553636494798501347693852968E-0008 
         639 ;  1.064750742076506986864294786816193E-0008 
         640 ;  1.110870960675610023058147718380934E-0008 
         641 ;  1.016732113882902543251764759542495E-0008 
         642 ;  1.649806290411707392776320514745234E-0008 
         643 ;  1.174321271165411285980833991715243E-0008 
         644 ;  1.222283190494842066441796454674037E-0008 
         645 ;  1.004729577748705158796229294912126E-0008 
         646 ;  1.498967162137187145998956190914183E-0008 
         647 ;  1.637789222797281192942077216985547E-0008 
         648 ;  1.030740537520796874089737658305775E-0008 
         649 ;  1.840620617697599785607957561978132E-0008 
         650 ;  9.918786804543366376409628810380628E-0009 
         651 ;  9.945049820427965906880923450323241E-0009 
         652 ;  1.337431462350178063254595102768196E-0008 
         653 ;  1.633400585544937212358632974336809E-0008 
         654 ;  1.699767566675214475589910010947287E-0008 
         655 ;  9.978499970643508369930182322512614E-0009 
         656 ;  1.889770260635886075665986024401248E-0008 
         657 ;  1.049649041647443462387585067325005E-0008 
         658 ;  1.085133991599130782026436548416663E-0008 
         659 ;  1.041039103906680979925820371646578E-0008 
         660 ;  1.670278129581790162112152080489691E-0008 
         661 ;  1.833426308687826300518857223485824E-0008 
         662 ;  9.914023507985454984038973920198558E-0009 
         663 ;  9.928789292742688971829657405638550E-0009 
         664 ;  1.885807147567303935107203600209548E-0008 
         665 ;  1.052931072788238633055544131343199E-0008 
         666 ;  1.349968867167741842914940782997042E-0008 
         667 ;  1.439910529077166512012287431580234E-0008 
         668 ;  1.883928616355078651203752814569630E-0008 
         669 ;  9.944127029049809543977363294578419E-0009 
         670 ;  1.038091974107333025315118591544189E-0008 
         671 ;  1.035868006282651321196452350743691E-0008 
         672 ;  1.212164962862332999339354683215653E-0008 
         673 ;  9.905838460083885079675352386945137E-0009 
         674 ;  1.015888076881115640149113699207819E-0008 
         675 ;  9.960001771328691168623536001546722E-0009 
         676 ;  1.101128403202722813886322414911966E-0008 
         677 ;  1.259919369660763400981910677804045E-0008 
         678 ;  1.001987551438822993975053788354085E-0008 
         679 ;  9.985882260020230719672015119761786E-0009 
         680 ;  1.239733580798180988644897960682547E-0008 
         681 ;  1.130142238936177193103360881878217E-0008 
         682 ;  9.923010244560239242382256755929442E-0009 
         683 ;  9.918759006499059121101837119304609E-0009 
         684 ;  1.029652301381897996552455139750198E-0008 
         685 ;  2.008697610580822996859706384791229E-0008 
         686 ;  1.847049939472983382375821232680415E-0008 
         687 ;  1.172592649312930699349709675208321E-0008 
         688 ;  1.001893199280391732643775084742862E-0008 
         689 ;  1.000563428417104888490421313511878E-0008 
         690 ;  1.776365669104208814515006854783845E-0008 
         691 ;  1.616420067918636388746693830065265E-0008 
         692 ;  1.319123899515378191705580994478276E-0008 
         693 ;  9.950882972842630126929773294471736E-0009 
         694 ;  1.538316016103113456113765995383217E-0008 
         695 ;  1.054070656984381548358598555131190E-0008 
         696 ;  1.000628461653211287862068371920092E-0008 
         697 ;  1.010806554215066394816180119410657E-0008 
         698 ;  1.842522011803936438084704987200812E-0008 
         699 ;  1.408728057525834251760875020949630E-0008 
         700 ;  1.065465764945214650333109682914042E-0008 
         701 ;  1.487721725461678260935227059551144E-0008 
         702 ;  1.009064040833545506148110211858059E-0008 
         703 ;  1.061716805310113208346019622060758E-0008 
         704 ;  1.552078193191710323921560814162349E-0008 
         705 ;  1.649291390256391397314901603029654E-0008 
         706 ;  1.113204868116873292729503343910885E-0008 
         707 ;  1.237392590495794248237612075086955E-0008 
         708 ;  9.943128066020636460386179129975610E-0009 
         709 ;  1.687345908153904652069324609774545E-0008 
         710 ;  1.784063642406394668167713431164174E-0008 
         711 ;  1.280196848688649947360059778589522E-0008 
         712 ;  1.063462779923188843608310641211570E-0008 
         713 ;  1.041520581642646162662434823889306E-0008 
         714 ;  1.229942480890606715815492253439776E-0008 
         715 ;  1.955794029656183339145148324156495E-0008 
         716 ;  1.551140577010179639153338608344110E-0008 
         717 ;  9.940831115288421790855456866992907E-0009 
         718 ;  1.175239195524598999051812021771982E-0008 
         719 ;  1.099555622705686886368423639972309E-0008 
         720 ;  1.373392581310491198879080914833208E-0008 
         721 ;  1.706123096156323928103428040128746E-0008 
         722 ;  1.509855649132595447448159638811789E-0008 
         723 ;  9.922798239312119246846350380197096E-0009 
         724 ;  1.950377634245455889593749705626296E-0008 
         725 ;  1.667775300418910471090990405436968E-0008 
         726 ;  1.128089661583091024103000984433143E-0008 
         727 ;  1.029482575208250505452088301168873E-0008 
         728 ;  1.396789599481422725517576016896533E-0008 
         729 ;  9.941670947451825085188402240658998E-0009 
         730 ;  1.472818420852715962428580831680901E-0008 
         731 ;  2.056474989201866105502627113078268E-0008 
         732 ;  1.486823504340079083482961538855118E-0008 
         733 ;  1.014701574408236210771219921707257E-0008 
         734 ;  1.119549722089836220871284881228033E-0008 
         735 ;  1.110971498784340016766433112922148E-0008 
         736 ;  1.215429940430662722146217212406591E-0008 
         737 ;  1.148012890324246893781109405555663E-0008 
         738 ;  1.257348573466303548838707553309538E-0008 
         739 ;  1.972785228371862145657471533374527E-0008 
         740 ;  1.383369506790266041509227716988098E-0008 
         741 ;  1.668784722048000343172595127979632E-0008 
         742 ;  1.307815425954891697397173841581228E-0008 
         743 ;  1.173041555636682052026013174828089E-0008 
         744 ;  9.922895231309404722099360809554582E-0009 
         745 ;  2.009245841056502607321458512685993E-0008 
         746 ;  1.649281611139219303710845729366168E-0008 
         747 ;  1.040104071033457168698059664260535E-0008 
         748 ;  1.244628676735328301788120857031397E-0008 
         749 ;  2.134604562732130355393565093511130E-0008 
         750 ;  1.068332319755952092630830185314316E-0008 
         751 ;  2.089936298407627107144869217850799E-0008 
         752 ;  1.651307146962891968028679605470045E-0008 
         753 ;  1.673660951009732070832492473813360E-0008 
         754 ;  1.182036355672075367866787335372567E-0008 
         755 ;  1.169756707577446989991568435172160E-0008 
         756 ;  1.610886651559415721821986818834283E-0008 
         757 ;  1.669955216847165340744902506007438E-0008 
         758 ;  2.055349190544179260972545437405384E-0008 
         759 ;  1.063160424070803089616666338136125E-0008 
         760 ;  2.105204149275797598506581469783838E-0008 
         761 ;  1.421213394767973097792595309962910E-0008 
         762 ;  1.002883419701996176617544005625609E-0008 
         763 ;  1.685925048311239482076591591669018E-0008 
         764 ;  1.060143739053389866428857892451937E-0008 
         765 ;  9.920986675640310382095869821021403E-0009 
         766 ;  1.148615455751089782059323759609329E-0008 
         767 ;  1.220881794155101781174290894450673E-0008 
         768 ;  1.322820186808763461863269537691723E-0008 
         769 ;  1.005208211886676023432155915368379E-0008 
         770 ;  1.224601845204070139423636784794256E-0008 
         771 ;  9.909371270112505596991457754005461E-0009 
         772 ;  1.404523636341040635385578270628248E-0008 
         773 ;  1.050477295663771523541831158553800E-0008 
         774 ;  1.488609444867017478399144229378596E-0008 
         775 ;  1.949938967307372310449411166002107E-0008 
         776 ;  1.596458918620640127938705376251855E-0008 
         777 ;  1.083807126374352251346738301131557E-0008 
         778 ;  9.979598402811175966164784090561317E-0009 
         779 ;  1.556482930581834371893304068337307E-0008 
         780 ;  1.574716756974074715226974589367589E-0008 
         781 ;  1.128951051173238610208368256098402E-0008 
         782 ;  1.037379943255708786058441501330130E-0008 
         783 ;  1.362191103823110335009976256713539E-0008 
         784 ;  1.263481682370081844153802806402833E-0008 
         785 ;  1.186219469789681918647993716287373E-0008 
         786 ;  9.980753236297182945827855680778922E-0009 
         787 ;  2.188483047987605821432852564022544E-0008 
         788 ;  1.259857753054774612132542282193874E-0008 
         789 ;  1.035151123619001559024196438716247E-0008 
         790 ;  1.021793426062279411127529670361763E-0008 
         791 ;  1.817720782185954834120961929464552E-0008 
         792 ;  9.924402107866067286380886998709843E-0009 
         793 ;  9.926443595320001395013953269612108E-0009 
         794 ;  1.964356948308799059190883596629510E-0008 
         795 ;  1.154381833237756772106276996390972E-0008 
         796 ;  1.068400638005646647740623324323918E-0008 
         797 ;  1.079628419832267140088453688122623E-0008 
         798 ;  1.015292339598783922810322250452742E-0008 
         799 ;  1.200155293987422845838061691686172E-0008 
         800 ;  1.324459296487243880939836531092022E-0008 
         801 ;  1.261505934812007251933928932205081E-0008 
         802 ;  1.751574976260034429284842072736323E-0008 
         803 ;  1.703610872883646774596880987100398E-0008 
         804 ;  1.342724774463712857822444880282477E-0008 
         805 ;  1.224164766738236289451117538984536E-0008 
         806 ;  1.039279323052925405377663247994126E-0008 
         807 ;  1.259183828748817179532898294715759E-0008 
         808 ;  1.154871080681441088727350286997054E-0008 
         809 ;  1.071535164454271138131887916503142E-0008 
         810 ;  2.248432528703869041513377193901382E-0008 
         811 ;  1.347645662860195783580460209959451E-0008 
         812 ;  1.174494028480575076870886450877532E-0008 
         813 ;  1.221694859179296329565307063477274E-0008 
         814 ;  1.219520556608403398026731375322965E-0008 
         815 ;  1.001169439545242949597860847402482E-0008 
         816 ;  1.806412248906619571628388307978726E-0008 
         817 ;  1.160278781128166284510439662510906E-0008 
         818 ;  2.226214115012852961417536511141843E-0008 
         819 ;  1.490101922394298925632386908242875E-0008 
         820 ;  9.924045640982209154035365056746869E-0009 
         821 ;  2.329431583511879224725307758845016E-0008 
         822 ;  1.032879475210445556853546877562787E-0008 
         823 ;  2.005677571827987752732914613598748E-0008 
         824 ;  1.046747390085474537835116728719632E-0008 
         825 ;  1.019938372010503846312035646392848E-0008 
         826 ;  2.097939236817077396858703203111553E-0008 
         827 ;  1.700403853918482715260468793597275E-0008 
         828 ;  1.107937201451960148668541049730333E-0008 
         829 ;  1.072564677345189128320606628165335E-0008 
         830 ;  1.262171668469644008674797359490812E-0008 
         831 ;  1.433669576296764030662230868280512E-0008 
         832 ;  1.887193527418398683184966091840847E-0008 
         833 ;  1.634590549716444678070754180330480E-0008 
         834 ;  1.322124726032220981261393631515018E-0008 
         835 ;  1.186622963030377633284114025363876E-0008 
         836 ;  1.857890989537820575458511912688501E-0008 
         837 ;  1.709392261655819870750741003940508E-0008 
         838 ;  1.914659972417511284132798992490799E-0008 
         839 ;  1.016586424276588777589421881270164E-0008 
         840 ;  1.922329605835614432012047128205881E-0008 
         841 ;  1.115723992617890912523451336745861E-0008 
         842 ;  2.174185694861764668385802953089917E-0008 
         843 ;  1.373020214317064736774128387428291E-0008 
         844 ;  1.880418604416950060764380006356369E-0008 
         845 ;  1.023075816889981636394110614614339E-0008 
         846 ;  9.922668392659311673783085407232572E-0009 
         847 ;  1.501741589385739706621138816097421E-0008 
         848 ;  1.135674579770288925837243304000685E-0008 
         849 ;  2.043815410975308756252457451364792E-0008 
         850 ;  2.006547555266644849702730143152244E-0008 
         851 ;  1.225894192065372289104727804733224E-0008 
         852 ;  1.124894659638602337487823705608397E-0008 
         853 ;  1.572134360629886635146495435318252E-0008 
         854 ;  2.096576570327007964983825095950115E-0008 
         855 ;  1.096261984293486059914066826999719E-0008 
         856 ;  1.655260607983551492976938706810708E-0008 
         857 ;  1.056952363917250860379175051462045E-0008 
         858 ;  1.312949766823574737062956846998961E-0008 
         859 ;  1.127704951060845539037145466248023E-0008 
         860 ;  1.001323076500400771643429575201212E-0008 
         861 ;  1.343065649687217985882986843716701E-0008 
         862 ;  1.725269197896137154425098236326469E-0008 
         863 ;  1.450201991420629469500428233123858E-0008 
         864 ;  1.028729624626749308607966843958238E-0008 
         865 ;  1.338651780570744847498290424276359E-0008 
         866 ;  1.016932433331796200688590284056096E-0008 
         867 ;  1.813185823872869262448760011523569E-0008 
         868 ;  9.926534650191414753421089572979842E-0009 
         869 ;  1.021224650662060416413493214516178E-0008 
         870 ;  1.002859534086120719038263104139680E-0008 
         871 ;  1.362524244888685751579582192749298E-0008 
         872 ;  2.157860027956632106235044574472723E-0008 
         873 ;  2.419860957744748368876286845535133E-0008 
         874 ;  2.291525679696186884979529066366871E-0008 
         875 ;  1.066362829143831485715941321280278E-0008 
         876 ;  2.068374164371334613842083496995719E-0008 
         877 ;  1.472277802551239152624856411189594E-0008 
         878 ;  2.097228263110000953898811901986006E-0008 
         879 ;  1.614974291157372328990708598585150E-0008 
         880 ;  1.670473977229922637766258170079366E-0008 
         881 ;  2.417088921545480441070915668625233E-0008 
         882 ;  1.112473853490400528257120222555945E-0008 
         883 ;  1.410174000120718316429819784948202E-0008 
         884 ;  2.155701117003186792459036985637954E-0008 
         885 ;  1.321574642412786654891125786482365E-0008 
         886 ;  1.357106605068758797465186737628181E-0008 
         887 ;  2.371036527472141413622448307325068E-0008 
         888 ;  1.377077442377225543224825561474513E-0008 
         889 ;  2.065580783766893282772069713806741E-0008 
         890 ;  1.064049459524155504927604717695977E-0008 
         891 ;  2.258828297396690794984259603588036E-0008 
         892 ;  2.519837669268967990512128186590307E-0008 
         893 ;  1.732523902127762423960937685996578E-0008 
         894 ;  1.006591824620923778688452287377848E-0008 
         895 ;  1.572044273144926010658525601868762E-0008 
         896 ;  2.243207744763979279210868268317360E-0008 
         897 ;  1.461396319330236909541947881166838E-0008 
         898 ;  1.550229566352602735891131123630905E-0008 
         899 ;  2.201846160179692637182236496410792E-0008 
         900 ;  1.370819543466157545098427838052839E-0008 
         901 ;  1.715497074570221430863101127555823E-0008 
         902 ;  1.039965412200256966133783997460890E-0008 
         903 ;  1.074006086439849334073928705741578E-0008 
         904 ;  1.000196640691867709562014560374058E-0008 
         905 ;  2.284088576917187837508561300155395E-0008 
         906 ;  9.923821163839701201979680033633198E-0009 
         907 ;  1.697760964142200668182509436663554E-0008 
         908 ;  2.065488084303125463451072176204715E-0008 
         909 ;  1.002009666986970370344347859216265E-0008 
         910 ;  2.337618679296403662795842830730397E-0008 
         911 ;  1.086989801069038426724319706863802E-0008 
         912 ;  1.026249794784006104224014187240526E-0008 
         913 ;  2.008885589856904713002581768260056E-0008 
         914 ;  1.082056717383928679024148109337949E-0008 
         915 ;  1.840256735794316423184801040939972E-0008 
         916 ;  1.158698368818898330488433102893674E-0008 
         917 ;  2.141249160774773953882308566668290E-0008 
         918 ;  1.360517625703984736239813814996283E-0008 
         919 ;  1.472780648655947986048185805644228E-0008 
         920 ;  2.275966639828649305764934588740268E-0008 
         921 ;  1.865959761854935611509034019773713E-0008 
         922 ;  1.100591174294388743626020372266067E-0008 
         923 ;  9.942093328797654473618823855524301E-0009 
         924 ;  9.930733910803071264497044189775990E-0009 
         925 ;  1.379489502036406581772447393987786E-0008 
         926 ;  1.457503441115356622679514041638244E-0008 
         927 ;  1.949109172741115321601488719619303E-0008 
         928 ;  1.001336402423105430666744247825422E-0008 
         929 ;  1.324636974910549393547049551689598E-0008 
         930 ;  1.264179772254386224151142262372210E-0008 
         931 ;  1.406649978137513416209547076335537E-0008 
         932 ;  9.938545820473285517803050494692834E-0009 
         933 ;  2.557161010849654546896957140480192E-0008 
         934 ;  1.086563550708868031560248653628517E-0008 
         935 ;  1.243200812730063870770547614746761E-0008 
         936 ;  2.470995883827898702842511645484854E-0008 
         937 ;  1.381446595540838044116153621547109E-0008 
         938 ;  1.349739290800413065462032649585984E-0008 
         939 ;  1.199057292505240123255142898359261E-0008 
         940 ;  1.654002107016944889566542877007560E-0008 
         941 ;  1.068752034693061856947378796931362E-0008 
         942 ;  2.561460073848102032262362678891360E-0008 
         943 ;  2.671013952951162471253920614710490E-0008 
         944 ;  9.939659401238547260050772794593113E-0009 
         945 ;  1.110533282340945726203892997330394E-0008 
         946 ;  1.108998083834114471479629306682774E-0008 
         947 ;  1.862963485141330164123515593527108E-0008 
         948 ;  2.434429665235082236898081711375625E-0008 
         949 ;  2.080647253261602339428012797549679E-0008 
         950 ;  2.283340085884789662089590277153289E-0008 
         951 ;  2.690737682697503716257859884478439E-0008 
         952 ;  2.565358671549477479198993464850572E-0008 
         953 ;  2.775706400481451954949314030532713E-0008 
         954 ;  1.758545392122785463623825306208072E-0008 
         955 ;  1.063478306807751759931461060490715E-0008 
         956 ;  1.426499838542993062138439648857334E-0008 
         957 ;  1.376429378088003939940542663185914E-0008 
         958 ;  1.324906699933796176881627226497309E-0008 
         959 ;  1.022976866832147373438793561492704E-0008 
         960 ;  2.615347128597928383596000274772567E-0008 
         961 ;  2.487352229648905758688122753810728E-0008 
         962 ;  1.024227431599937465301894746986729E-0008 
         963 ;  2.156612709947485310325903962195706E-0008 
         964 ;  2.642657439281547153869761564889813E-0008 
         965 ;  2.121198997026196016571845968542815E-0008 
         966 ;  1.218715511647706712137677920119343E-0008 
         967 ;  1.082750147488540497748165685518820E-0008 
         968 ;  2.104925223236975687633083971656694E-0008 
         969 ;  2.352808187615485492333038862919475E-0008 
         970 ;  1.861474136201502068442941093901566E-0008 
         971 ;  2.318746575771365857443938135274386E-0008 
         972 ;  1.613986159680822312571467896341460E-0008 
         973 ;  1.963111384514392742162441098959767E-0008 
         974 ;  1.760277411084174356685020460178708E-0008 
         975 ;  1.856258198029325257935105046960982E-0008 
         976 ;  2.790536033704556608639328122309819E-0008 
         977 ;  1.148461579220517420107852812341373E-0008 
         978 ;  1.346269462677308384081108312084338E-0008 
         979 ;  2.074443681171749723166112608643714E-0008 
         980 ;  2.176355440046737216331339200714752E-0008 
         981 ;  2.147629033381949165608586579757157E-0008 
         982 ;  2.461901046033986425839310268751066E-0008 
         983 ;  1.072828982927891775251004765167450E-0008 
         984 ;  1.898260714025711148361088475887227E-0008 
         985 ;  1.415980460462820488082361934232274E-0008 
         986 ;  1.360822885951479197869931272095617E-0008 
         987 ;  2.512479332637656355000607717194697E-0008 
         988 ;  1.436223750082564975748224111189894E-0008 
         989 ;  1.293022426767561141569278271437742E-0008 
         990 ;  2.259430770709551580345272763817264E-0008 
         991 ;  1.090956625201317106178467575234844E-0008 
         992 ;  1.589253884141287081648147819519757E-0008 
         993 ;  9.893602787502550332363008172838043E-0009 
         994 ;  1.775380917045728584867259805610638E-0008 
         995 ;  1.062699371537936857058415782982837E-0008 
         996 ;  1.887532638848400061032747547570824E-0008 
         997 ;  1.025769907782433919819799323301478E-0008 
         998 ;  1.101987537766118655791832815666980E-0008 
         999 ;  1.134888422363125406824669834875107E-0008 
        1000 ;  2.362436664241415399176016614089928E-0008 
